step,voice,note,length,velocity
0,2,62,10,48
0,3,65,10,48
0,4,69,10,48
0,5,69,3,92
4,5,74,5,92
16,5,72,3,92
20,5,69,7,92
32,2,62,10,48
32,3,65,10,48
32,4,70,10,48
32,5,65,3,92
36,5,70,5,92
48,5,69,3,92
52,5,65,7,92
64,2,60,10,48
64,3,65,10,48
64,4,69,10,48
64,5,69,3,92
68,5,72,5,92
74,5,77,3,92
78,5,72,2,92
80,5,69,3,92
84,5,67,3,92
88,5,65,6,92
96,2,60,10,48
96,3,64,10,48
96,4,67,10,48
96,5,67,3,92
100,5,72,5,92
106,5,76,2,92
108,5,74,2,92
110,5,72,2,92
112,5,67,3,92
116,5,64,5,92
124,5,69,3,92
128,0,38,4,112
128,1,69,3,104
128,2,62,10,48
128,3,65,10,48
128,4,69,10,48
132,1,74,5,104
134,0,38,2,92
138,0,38,2,92
138,1,77,2,104
140,1,76,2,104
142,0,38,2,92
142,1,74,2,104
144,0,38,4,112
144,1,72,3,104
148,1,69,7,104
150,0,38,2,92
154,0,38,2,92
158,0,50,2,92
158,1,65,2,104
160,0,34,4,112
160,1,65,3,104
160,2,62,10,48
160,3,65,10,48
160,4,70,10,48
164,1,70,5,104
166,0,34,2,92
170,0,34,2,92
170,1,74,2,104
172,1,72,2,104
174,0,34,2,92
174,1,70,2,104
176,0,34,4,112
176,1,69,3,104
180,1,65,7,104
182,0,34,2,92
186,0,34,2,92
190,0,46,2,92
192,0,41,4,112
192,1,69,3,104
192,2,60,10,48
192,3,65,10,48
192,4,69,10,48
196,1,72,5,104
198,0,41,2,92
202,0,41,2,92
202,1,77,3,104
206,0,41,2,92
206,1,72,2,104
208,0,41,4,112
208,1,69,3,104
212,1,67,3,104
214,0,41,2,92
216,1,65,6,104
218,0,41,2,92
222,0,53,2,92
224,0,36,4,112
224,1,67,3,104
224,2,60,10,48
224,3,64,10,48
224,4,67,10,48
228,1,72,5,104
230,0,36,2,92
234,0,36,2,92
234,1,76,2,104
236,1,74,2,104
238,0,36,2,92
238,1,72,2,104
240,0,36,4,112
240,1,67,3,104
244,1,64,5,104
246,0,36,2,92
250,0,36,2,92
252,1,69,3,104
254,0,48,2,92
256,0,38,4,112
256,1,69,3,104
256,2,62,10,64
256,3,65,10,64
256,4,69,10,64
260,1,74,5,104
262,0,38,2,92
266,0,38,2,92
266,1,77,2,104
266,2,62,4,64
266,3,65,4,64
266,4,69,4,64
268,1,76,2,104
270,0,38,2,92
270,1,74,2,104
272,0,38,4,112
272,1,72,3,104
276,1,69,7,104
278,0,38,2,92
282,0,38,2,92
282,2,62,4,64
282,3,65,4,64
282,4,69,4,64
286,0,50,2,92
286,1,65,2,104
288,0,34,4,112
288,1,65,3,104
288,2,62,10,64
288,3,65,10,64
288,4,70,10,64
292,1,70,5,104
294,0,34,2,92
298,0,34,2,92
298,1,74,2,104
298,2,62,4,64
298,3,65,4,64
298,4,70,4,64
300,1,72,2,104
302,0,34,2,92
302,1,70,2,104
304,0,34,4,112
304,1,69,3,104
308,1,65,7,104
310,0,34,2,92
314,0,34,2,92
314,2,62,4,64
314,3,65,4,64
314,4,70,4,64
318,0,46,2,92
320,0,41,4,112
320,1,69,3,104
320,2,60,10,64
320,3,65,10,64
320,4,69,10,64
324,1,72,5,104
326,0,41,2,92
330,0,41,2,92
330,1,77,3,104
330,2,60,4,64
330,3,65,4,64
330,4,69,4,64
334,0,41,2,92
334,1,72,2,104
336,0,41,4,112
336,1,69,3,104
340,1,67,3,104
342,0,41,2,92
344,1,65,6,104
346,0,41,2,92
346,2,60,4,64
346,3,65,4,64
346,4,69,4,64
350,0,53,2,92
352,0,36,4,112
352,1,67,3,104
352,2,60,10,64
352,3,64,10,64
352,4,67,10,64
356,1,72,5,104
358,0,36,2,92
362,0,36,2,92
362,1,76,2,104
362,2,60,4,64
362,3,64,4,64
362,4,67,4,64
364,1,74,2,104
366,0,36,2,92
366,1,72,2,104
368,0,36,4,112
368,1,67,3,104
372,1,64,5,104
374,0,36,2,92
378,0,36,2,92
378,2,60,4,64
378,3,64,4,64
378,4,67,4,64
380,1,69,3,104
382,0,48,2,92
384,0,38,4,112
384,1,69,3,104
384,2,62,10,64
384,3,65,10,64
384,4,69,10,64
388,1,74,5,104
390,0,38,2,92
394,0,38,2,92
394,1,77,2,104
394,2,62,4,64
394,3,65,4,64
394,4,69,4,64
396,1,76,2,104
398,0,38,2,92
398,1,74,2,104
400,0,38,4,112
400,1,72,3,104
404,1,69,7,104
406,0,38,2,92
410,0,38,2,92
410,2,62,4,64
410,3,65,4,64
410,4,69,4,64
414,0,50,2,92
414,1,65,2,104
416,0,34,4,112
416,1,65,3,104
416,2,62,10,64
416,3,65,10,64
416,4,70,10,64
420,1,70,5,104
422,0,34,2,92
426,0,34,2,92
426,1,74,2,104
426,2,62,4,64
426,3,65,4,64
426,4,70,4,64
428,1,72,2,104
430,0,34,2,92
430,1,70,2,104
432,0,34,4,112
432,1,69,3,104
436,1,65,7,104
438,0,34,2,92
442,0,34,2,92
442,2,62,4,64
442,3,65,4,64
442,4,70,4,64
446,0,46,2,92
448,0,41,4,112
448,1,69,3,104
448,2,60,10,64
448,3,65,10,64
448,4,69,10,64
452,1,72,5,104
454,0,41,2,92
458,0,41,2,92
458,1,77,3,104
458,2,60,4,64
458,3,65,4,64
458,4,69,4,64
462,0,41,2,92
462,1,72,2,104
464,0,41,4,112
464,1,69,3,104
468,1,67,3,104
470,0,41,2,92
472,1,65,6,104
474,0,41,2,92
474,2,60,4,64
474,3,65,4,64
474,4,69,4,64
478,0,53,2,92
480,0,36,4,112
480,1,67,3,104
480,2,60,10,64
480,3,64,10,64
480,4,67,10,64
484,1,72,5,104
486,0,36,2,92
490,0,36,2,92
490,1,76,2,104
490,2,60,4,64
490,3,64,4,64
490,4,67,4,64
492,1,74,2,104
494,0,36,2,92
494,1,72,2,104
496,0,36,4,112
496,1,67,3,104
500,1,64,5,104
502,0,36,2,92
506,0,36,2,92
506,2,60,4,64
506,3,64,4,64
506,4,67,4,64
508,1,69,3,104
510,0,48,2,92
512,0,38,4,112
512,1,77,6,104
512,2,62,10,64
512,3,65,10,64
512,4,69,10,64
518,0,38,2,92
520,1,76,2,104
522,0,38,2,92
522,1,74,5,104
522,2,62,4,64
522,3,65,4,64
522,4,69,4,64
526,0,38,2,92
528,0,38,4,112
528,1,72,3,104
532,1,69,3,104
534,0,38,2,92
536,1,74,6,104
538,0,38,2,92
538,2,62,4,64
538,3,65,4,64
538,4,69,4,64
542,0,50,2,92
544,0,34,4,112
544,1,77,6,104
544,2,62,10,64
544,3,65,10,64
544,4,70,10,64
550,0,34,2,92
552,1,74,3,104
554,0,34,2,92
554,2,62,4,64
554,3,65,4,64
554,4,70,4,64
556,1,70,3,104
558,0,34,2,92
560,0,34,4,112
560,1,69,3,104
564,1,70,3,104
566,0,34,2,92
568,1,74,6,104
570,0,34,2,92
570,2,62,4,64
570,3,65,4,64
570,4,70,4,64
574,0,46,2,92
576,0,41,4,112
576,1,77,6,104
576,2,60,10,64
576,3,65,10,64
576,4,69,10,64
582,0,41,2,92
584,1,79,3,104
586,0,41,2,92
586,2,60,4,64
586,3,65,4,64
586,4,69,4,64
588,1,77,3,104
590,0,41,2,92
592,0,41,4,112
592,1,76,3,104
596,1,72,3,104
598,0,41,2,92
600,1,69,6,104
602,0,41,2,92
602,2,60,4,64
602,3,65,4,64
602,4,69,4,64
606,0,53,2,92
608,0,36,4,112
608,1,76,6,104
608,2,60,10,64
608,3,64,10,64
608,4,67,10,64
614,0,36,2,92
616,1,74,3,104
618,0,36,2,92
618,2,60,4,64
618,3,64,4,64
618,4,67,4,64
620,1,72,3,104
622,0,36,2,92
624,0,36,4,112
624,1,67,6,104
630,0,36,2,92
632,1,69,3,104
634,0,36,2,92
634,2,60,4,64
634,3,64,4,64
634,4,67,4,64
636,1,72,3,104
638,0,48,2,92
640,0,38,4,112
640,1,77,6,104
640,2,62,10,64
640,3,65,10,64
640,4,69,10,64
646,0,38,2,92
648,1,76,2,104
650,0,38,2,92
650,1,74,5,104
650,2,62,4,64
650,3,65,4,64
650,4,69,4,64
654,0,38,2,92
656,0,38,4,112
656,1,72,3,104
660,1,69,3,104
662,0,38,2,92
664,1,74,6,104
666,0,38,2,92
666,2,62,4,64
666,3,65,4,64
666,4,69,4,64
670,0,50,2,92
672,0,34,4,112
672,1,77,6,104
672,2,62,10,64
672,3,65,10,64
672,4,70,10,64
678,0,34,2,92
680,1,74,3,104
682,0,34,2,92
682,2,62,4,64
682,3,65,4,64
682,4,70,4,64
684,1,70,3,104
686,0,34,2,92
688,0,34,4,112
688,1,69,3,104
692,1,70,3,104
694,0,34,2,92
696,1,74,6,104
698,0,34,2,92
698,2,62,4,64
698,3,65,4,64
698,4,70,4,64
702,0,46,2,92
704,0,41,4,112
704,1,77,6,104
704,2,60,10,64
704,3,65,10,64
704,4,69,10,64
710,0,41,2,92
712,1,79,3,104
714,0,41,2,92
714,2,60,4,64
714,3,65,4,64
714,4,69,4,64
716,1,77,3,104
718,0,41,2,92
720,0,41,4,112
720,1,76,3,104
724,1,72,3,104
726,0,41,2,92
728,1,69,6,104
730,0,41,2,92
730,2,60,4,64
730,3,65,4,64
730,4,69,4,64
734,0,53,2,92
736,0,36,4,112
736,1,76,6,104
736,2,60,10,64
736,3,64,10,64
736,4,67,10,64
742,0,36,2,92
744,1,74,3,104
746,0,36,2,92
746,2,60,4,64
746,3,64,4,64
746,4,67,4,64
748,1,72,3,104
750,0,36,2,92
752,0,36,4,112
752,1,67,6,104
758,0,36,2,92
760,1,69,3,104
762,0,36,2,92
762,2,60,4,64
762,3,64,4,64
762,4,67,4,64
764,1,72,3,104
766,0,48,2,92
768,0,38,4,112
768,2,62,24,72
768,3,65,24,72
768,4,69,24,72
768,5,69,3,92
772,5,74,5,92
778,5,77,2,92
780,5,76,2,92
782,5,74,2,92
784,0,38,4,112
784,5,72,3,92
788,5,69,7,92
798,5,65,2,92
800,0,34,4,112
800,2,62,24,72
800,3,65,24,72
800,4,70,24,72
800,5,65,3,92
804,5,70,5,92
810,5,74,2,92
812,5,72,2,92
814,5,70,2,92
816,0,34,4,112
816,5,69,3,92
820,5,65,7,92
832,0,41,4,112
832,2,60,24,72
832,3,65,24,72
832,4,69,24,72
832,5,69,3,92
836,5,72,5,92
842,5,77,3,92
846,5,72,2,92
848,0,41,4,112
848,5,69,3,92
852,5,67,3,92
856,5,65,6,92
864,0,36,4,112
864,2,60,24,72
864,3,64,24,72
864,4,67,24,72
864,5,67,3,92
868,5,72,5,92
874,5,76,2,92
876,5,74,2,92
878,5,72,2,92
880,0,36,4,112
880,5,67,3,92
884,5,64,5,92
892,5,69,3,92
896,0,38,4,112
896,2,62,24,72
896,3,65,24,72
896,4,69,24,72
896,5,69,3,92
900,5,74,5,92
906,5,77,2,92
908,5,76,2,92
910,5,74,2,92
912,0,38,4,112
912,5,72,3,92
916,5,69,7,92
926,5,65,2,92
928,0,34,4,112
928,2,62,24,72
928,3,65,24,72
928,4,70,24,72
928,5,65,3,92
932,5,70,5,92
938,5,74,2,92
940,5,72,2,92
942,5,70,2,92
944,0,34,4,112
944,5,69,3,92
948,5,65,7,92
960,0,41,4,112
960,2,60,24,72
960,3,65,24,72
960,4,69,24,72
960,5,69,3,92
964,5,72,5,92
970,5,77,3,92
974,5,72,2,92
976,0,41,4,112
976,5,69,3,92
980,5,67,3,92
984,5,65,6,92
992,0,36,4,112
992,2,60,24,72
992,3,64,24,72
992,4,67,24,72
992,5,67,3,92
996,5,72,5,92
1002,5,76,2,92
1004,5,74,2,92
1006,5,72,2,92
1008,0,36,4,112
1008,5,67,3,92
1012,5,64,5,92
1020,5,69,3,92
1024,0,41,4,112
1024,1,69,3,104
1024,2,60,10,64
1024,3,65,10,64
1024,4,69,10,64
1028,1,72,5,104
1030,0,41,2,92
1034,0,41,2,92
1034,1,77,3,104
1034,2,60,4,64
1034,3,65,4,64
1034,4,69,4,64
1038,0,41,2,92
1038,1,72,2,104
1040,0,41,4,112
1040,1,69,3,104
1044,1,67,3,104
1046,0,41,2,92
1048,1,65,6,104
1050,0,41,2,92
1050,2,60,4,64
1050,3,65,4,64
1050,4,69,4,64
1054,0,53,2,92
1056,0,36,4,112
1056,1,67,3,104
1056,2,60,10,64
1056,3,64,10,64
1056,4,67,10,64
1060,1,72,5,104
1062,0,36,2,92
1066,0,36,2,92
1066,1,76,2,104
1066,2,60,4,64
1066,3,64,4,64
1066,4,67,4,64
1068,1,74,2,104
1070,0,36,2,92
1070,1,72,2,104
1072,0,36,4,112
1072,1,67,3,104
1076,1,64,5,104
1078,0,36,2,92
1082,0,36,2,92
1082,2,60,4,64
1082,3,64,4,64
1082,4,67,4,64
1084,1,69,3,104
1086,0,48,2,92
1088,0,38,4,112
1088,1,69,3,104
1088,2,62,10,64
1088,3,65,10,64
1088,4,69,10,64
1092,1,74,5,104
1094,0,38,2,92
1098,0,38,2,92
1098,1,77,2,104
1098,2,62,4,64
1098,3,65,4,64
1098,4,69,4,64
1100,1,76,2,104
1102,0,38,2,92
1102,1,74,2,104
1104,0,38,4,112
1104,1,72,3,104
1108,1,69,7,104
1110,0,38,2,92
1114,0,38,2,92
1114,2,62,4,64
1114,3,65,4,64
1114,4,69,4,64
1118,0,50,2,92
1118,1,65,2,104
1120,0,34,4,112
1120,1,65,3,104
1120,2,62,10,64
1120,3,65,10,64
1120,4,70,10,64
1124,1,70,5,104
1126,0,34,2,92
1130,0,34,2,92
1130,1,74,2,104
1130,2,62,4,64
1130,3,65,4,64
1130,4,70,4,64
1132,1,72,2,104
1134,0,34,2,92
1134,1,70,2,104
1136,0,34,4,112
1136,1,69,3,104
1140,1,65,7,104
1142,0,34,2,92
1146,0,34,2,92
1146,2,62,4,64
1146,3,65,4,64
1146,4,70,4,64
1150,0,46,2,92
1152,0,41,4,112
1152,1,77,6,104
1152,2,60,10,64
1152,3,65,10,64
1152,4,69,10,64
1158,0,41,2,92
1160,1,79,3,104
1162,0,41,2,92
1162,2,60,4,64
1162,3,65,4,64
1162,4,69,4,64
1164,1,77,3,104
1166,0,41,2,92
1168,0,41,4,112
1168,1,76,3,104
1172,1,72,3,104
1174,0,41,2,92
1176,1,69,6,104
1178,0,41,2,92
1178,2,60,4,64
1178,3,65,4,64
1178,4,69,4,64
1182,0,53,2,92
1184,0,36,4,112
1184,1,76,6,104
1184,2,60,10,64
1184,3,64,10,64
1184,4,67,10,64
1190,0,36,2,92
1192,1,74,3,104
1194,0,36,2,92
1194,2,60,4,64
1194,3,64,4,64
1194,4,67,4,64
1196,1,72,3,104
1198,0,36,2,92
1200,0,36,4,112
1200,1,67,6,104
1206,0,36,2,92
1208,1,69,3,104
1210,0,36,2,92
1210,2,60,4,64
1210,3,64,4,64
1210,4,67,4,64
1212,1,72,3,104
1214,0,48,2,92
1216,0,38,4,112
1216,1,77,6,104
1216,2,62,10,64
1216,3,65,10,64
1216,4,69,10,64
1222,0,38,2,92
1224,1,76,2,104
1226,0,38,2,92
1226,1,74,5,104
1226,2,62,4,64
1226,3,65,4,64
1226,4,69,4,64
1230,0,38,2,92
1232,0,38,4,112
1232,1,72,3,104
1236,1,69,3,104
1238,0,38,2,92
1240,1,74,6,104
1242,0,38,2,92
1242,2,62,4,64
1242,3,65,4,64
1242,4,69,4,64
1246,0,50,2,92
1248,0,34,4,112
1248,1,77,6,104
1248,2,62,10,64
1248,3,65,10,64
1248,4,70,10,64
1254,0,34,2,92
1256,1,74,3,104
1258,0,34,2,92
1258,2,62,4,64
1258,3,65,4,64
1258,4,70,4,64
1260,1,70,3,104
1262,0,34,2,92
1264,0,34,4,112
1264,1,69,3,104
1268,1,70,3,104
1270,0,34,2,92
1272,1,74,6,104
1274,0,34,2,92
1274,2,62,4,64
1274,3,65,4,64
1274,4,70,4,64
1278,0,46,2,92
1280,0,41,4,112
1280,1,77,6,104
1280,2,60,10,64
1280,3,65,10,64
1280,4,69,10,64
1286,0,41,2,92
1288,1,79,3,104
1290,0,41,2,92
1290,2,60,4,64
1290,3,65,4,64
1290,4,69,4,64
1292,1,77,3,104
1294,0,41,2,92
1296,0,41,4,112
1296,1,76,3,104
1300,1,72,3,104
1302,0,41,2,92
1304,1,69,6,104
1306,0,41,2,92
1306,2,60,4,64
1306,3,65,4,64
1306,4,69,4,64
1310,0,53,2,92
1312,0,36,4,112
1312,1,76,6,104
1312,2,60,10,64
1312,3,64,10,64
1312,4,67,10,64
1318,0,36,2,92
1320,1,74,3,104
1322,0,36,2,92
1322,2,60,4,64
1322,3,64,4,64
1322,4,67,4,64
1324,1,72,3,104
1326,0,36,2,92
1328,0,36,4,112
1328,1,67,6,104
1334,0,36,2,92
1336,1,69,3,104
1338,0,36,2,92
1338,2,60,4,64
1338,3,64,4,64
1338,4,67,4,64
1340,1,72,3,104
1342,0,48,2,92
1344,0,38,4,112
1344,1,77,6,104
1344,2,62,10,64
1344,3,65,10,64
1344,4,69,10,64
1350,0,38,2,92
1352,1,76,2,104
1354,0,38,2,92
1354,1,74,5,104
1354,2,62,4,64
1354,3,65,4,64
1354,4,69,4,64
1358,0,38,2,92
1360,0,38,4,112
1360,1,72,3,104
1364,1,69,3,104
1366,0,38,2,92
1368,1,74,6,104
1370,0,38,2,92
1370,2,62,4,64
1370,3,65,4,64
1370,4,69,4,64
1374,0,50,2,92
1376,0,34,4,112
1376,1,77,6,104
1376,2,62,10,64
1376,3,65,10,64
1376,4,70,10,64
1382,0,34,2,92
1384,1,74,3,104
1386,0,34,2,92
1386,2,62,4,64
1386,3,65,4,64
1386,4,70,4,64
1388,1,70,3,104
1390,0,34,2,92
1392,0,34,4,112
1392,1,69,3,104
1396,1,70,3,104
1398,0,34,2,92
1400,1,74,6,104
1402,0,34,2,92
1402,2,62,4,64
1402,3,65,4,64
1402,4,70,4,64
1406,0,46,2,92
1408,0,38,4,112
1408,2,62,10,48
1408,3,65,10,48
1408,4,69,10,48
1408,5,69,3,92
1412,5,74,5,92
1414,0,38,2,92
1418,0,38,2,92
1418,5,77,2,92
1420,5,76,2,92
1422,0,38,2,92
1422,5,74,2,92
1424,0,38,4,112
1424,5,72,3,92
1428,5,69,7,92
1430,0,38,2,92
1434,0,38,2,92
1438,0,50,2,92
1438,5,65,2,92
1440,0,34,4,112
1440,2,62,10,48
1440,3,65,10,48
1440,4,70,10,48
1440,5,65,3,92
1444,5,70,5,92
1446,0,34,2,92
1450,0,34,2,92
1450,5,74,2,92
1452,5,72,2,92
1454,0,34,2,92
1454,5,70,2,92
1456,0,34,4,112
1456,5,69,3,92
1460,5,65,7,92
1462,0,34,2,92
1466,0,34,2,92
1470,0,46,2,92
1472,2,60,15,58
1472,3,65,15,58
1472,4,69,15,58
1472,5,65,14,88
1488,2,62,15,58
1488,3,65,15,58
1488,4,70,15,58
1488,5,70,14,88
1504,2,60,15,58
1504,3,64,15,58
1504,4,67,15,58
1504,5,72,14,88
1520,2,62,15,58
1520,3,65,15,58
1520,4,69,15,58
1520,5,74,14,88
